test_name,mean_ms_op_x,median_ms_op_x,std_ms_op_x,version_x,mean_ms_op_y,median_ms_op_y,std_ms_op_y,version_y,mean_ms_op,median_ms_op,std_ms_op,version
BenchmarkAdd/items_1000-2,9891.467391304348,10221.5,1356.456563934836,v104-v105,10131.59,10262.0,973.4332451908615,v105-v106,10352.916666666666,10427.5,2029.830064321222,v106-v107
BenchmarkAdd/items_10000-2,71899.51086956522,74959.0,10148.514281763311,v104-v105,74054.91666666667,75110.5,7323.454883762432,v105-v106,73731.63,75583.0,6526.118964250636,v106-v107
BenchmarkAdd/items_100000-2,687204.5072463768,726948.0,90852.66702546438,v104-v105,708685.9133333333,727971.5,67892.38255047794,v105-v106,712266.7866666666,733118.5,63958.86367237948,v106-v107
BenchmarkAdd/items_1000000-2,6855506.199275362,7261605.0,869876.2592158879,v104-v105,7088147.216666667,7264602.0,739752.9516084366,v105-v106,7155642.553333334,7324060.0,751755.9101497711,v106-v107
BenchmarkAdd/items_10000000-2,68642433.08695652,72953748.0,8711626.122655379,v104-v105,71154958.44,72989335.0,6825301.815945318,v105-v106,72019385.66666667,73530743.0,8127279.098744609,v106-v107
BenchmarkAddMulti/items_1-2,279.9061594202899,300.35,73.6631320028481,v104-v105,297.49600000000004,301.0,77.01333193014881,v105-v106,296.601,305.7,55.55257685277321,v106-v107
BenchmarkAddMulti/items_10-2,374.1952898550724,406.4,82.19669499829638,v104-v105,396.52166666666665,406.95,76.27591065144952,v105-v106,395.60433333333333,412.65,54.31679354883697,v106-v107
BenchmarkAddMulti/items_100-2,2940.5072463768115,3066.5,450.34095764111584,v104-v105,3051.3566666666666,3095.0,411.84023283326263,v105-v106,3125.77,3215.0,340.9715860718618,v106-v107
BenchmarkAddMulti/items_1000-2,5694.177536231884,5751.0,1128.6540726187982,v104-v105,5744.386666666666,5803.5,592.0891732832865,v105-v106,5834.34,5933.0,413.61657765500274,v106-v107
BenchmarkAddMulti/items_10000-2,34441.340579710144,34934.0,2420.9411032492685,v104-v105,34983.65666666667,34986.0,1969.1724843274515,v105-v106,35269.25666666667,35318.5,2936.5548292183416,v106-v107
BenchmarkAddMulti/items_100000-2,329437.5615942029,335324.5,17401.25323197925,v104-v105,333337.7366666667,337257.5,13610.229395863007,v105-v106,336269.97,340761.0,14935.82263760434,v106-v107
BenchmarkAddMulti/items_1000000-2,3338604.884057971,3429887.5,212288.41996354784,v104-v105,3394355.57,3437112.5,174912.87428827086,v105-v106,3429179.58,3456160.0,201416.58679269927,v106-v107
BenchmarkAddMulti/items_10000000-2,35097558.13768116,35039880.0,6320789.1030862145,v104-v105,34781396.6,35137865.0,2056840.08941091,v105-v106,35142624.46,35294566.0,3231621.0178113137,v106-v107
BenchmarkAppendDecimalToFloat/Integers-2,17176.652173913044,18491.0,2910.3584600268377,v104-v105,17867.886666666665,18503.0,2123.8882451961754,v105-v106,18046.12,18615.5,2249.048623597179,v106-v107
BenchmarkAppendDecimalToFloat/Ones-2,3066.8442028985505,3159.0,203.65611211705644,v104-v105,3129.72,3163.0,183.15649758797932,v105-v106,3136.7433333333333,3181.5,155.07112659432426,v106-v107
BenchmarkAppendDecimalToFloat/RealFloat-2,21990.097826086956,24602.5,5063.024863874703,v104-v105,23444.44,24607.0,3827.846668837946,v105-v106,23538.47333333333,24753.0,3747.6486741116473,v106-v107
BenchmarkAppendDecimalToFloat/Zeros-2,2461.942028985507,2382.0,166.09928107188054,v104-v105,2416.016666666667,2378.0,137.36087417724897,v105-v106,2427.7366666666667,2399.0,85.79208351708739,v106-v107
BenchmarkAppendFloatToDecimal/Integers-2,194073.9384057971,205013.0,27546.547898681853,v104-v105,199763.68,205095.0,17303.52445001424,v105-v106,199953.79666666666,204979.5,19935.856975304283,v106-v107
BenchmarkAppendFloatToDecimal/Ones-2,3076.057971014493,3153.5,193.15771297488038,v104-v105,3122.326666666667,3156.0,179.22460252260817,v105-v106,3152.9533333333334,3181.0,292.2852031071825,v106-v107
BenchmarkAppendFloatToDecimal/RealFloat-2,694438.3550724637,736387.0,96936.34206353652,v104-v105,715284.4133333333,736726.0,68884.5995816742,v105-v106,729247.5866666667,741778.5,124157.22068443213,v106-v107
BenchmarkAppendFloatToDecimal/Zeros-2,2466.304347826087,2384.5,169.37833321545565,v104-v105,2421.28,2379.0,126.67455575972241,v105-v106,2434.4,2404.0,101.99462245644844,v106-v107
BenchmarkAppendLowercase/ascii-all-lowercase-2,59.6040579710145,58.4,3.0580129347918734,v104-v105,58.826933333333336,58.41,2.267511548879791,v105-v106,60.27443333333334,58.84,7.7391402830001335,v106-v107
BenchmarkAppendLowercase/ascii-all-uppercase-2,54.28105072463768,52.44,4.668812111054246,v104-v105,53.04893333333334,52.42,2.416619338174927,v105-v106,53.41726666666667,52.81,2.1619616376409194,v106-v107
BenchmarkAppendLowercase/ascii-some-uppercase-2,57.1829347826087,55.4,4.22756122382465,v104-v105,56.007666666666665,55.35,2.99777295635974,v105-v106,56.7778,55.775000000000006,4.105362488731,v106-v107
BenchmarkAppendLowercase/unicode-all-lowercase-2,999.4134057971014,1066.0,145.9728697133763,v104-v105,1037.156,1066.0,119.79546335651725,v105-v106,1039.43,1074.0,112.56253245363024,v106-v107
BenchmarkAppendLowercase/unicode-all-uppercase-2,809.7695652173912,858.9,139.6126605921844,v104-v105,837.298,859.5,89.73893497716652,v105-v106,838.3986666666667,864.55,99.28520216756233,v106-v107
BenchmarkAppendLowercase/unicode-some-uppercase-2,956.8880434782608,1022.0,138.63448620603978,v104-v105,995.2326666666667,1023.0,105.28090565978232,v105-v106,995.8416666666667,1030.0,105.3635266099605,v106-v107
BenchmarkAreIdenticalSeriesFast/different-series-no-timestamps-2,943.4644927536232,980.1,250.0218765121382,v104-v105,948.987,980.1500000000001,98.26548367529558,v105-v106,992.5426666666666,988.4,207.5348839909394,v106-v107
BenchmarkAreIdenticalSeriesFast/different-series-with-timestamps-2,1977.2065217391305,2036.0,609.7921769028022,v104-v105,1967.5833333333333,2037.0,221.30134207055704,v105-v106,2058.77,2054.0,495.3500810294873,v106-v107
BenchmarkAreIdenticalSeriesFast/identical-series-no-timestamps-2,879.6384057971015,924.7,201.64477616837686,v104-v105,897.6680000000001,925.1500000000001,99.5076318950017,v105-v106,918.0663333333334,932.2,159.86006265479674,v106-v107
BenchmarkAreIdenticalSeriesFast/identical-series-with-timestamps-2,1795.8152173913043,1859.0,521.5903428278028,v104-v105,1794.03,1861.0,207.36788702342963,v105-v106,1878.17,1874.0,450.5979317384365,v106-v107
BenchmarkBitmapForEachSetBit/half-zero-bits-clear-2,124857.58333333333,135161.0,20639.467945669094,v104-v105,131778.86333333334,136555.5,16464.104468951155,v105-v106,133182.37333333332,138543.0,16179.464409219054,v106-v107
BenchmarkBitmapForEachSetBit/half-zero-bits-noclear-2,124520.88405797101,134420.0,21030.787564407437,v104-v105,130779.72333333333,135677.0,15890.454321655414,v105-v106,132651.15666666668,137563.5,16702.497064994277,v106-v107
BenchmarkBitmapForEachSetBit/no-zero-bits-clear-2,219794.75,237606.0,39214.27708622784,v104-v105,231081.11,239451.0,29503.095411965278,v105-v106,235078.05333333334,242968.0,31801.836319014034,v106-v107
BenchmarkBitmapForEachSetBit/no-zero-bits-noclear-2,220750.8152173913,236874.0,41413.005236325385,v104-v105,230066.04,239019.0,28747.51306990012,v105-v106,233553.5,242059.5,31037.87018178607,v106-v107
BenchmarkBitmapForEachSetBit/one-set-bit-clear-2,1046.2815217391305,1073.0,97.62177171029863,v104-v105,1212.6613333333335,1140.0,173.83401023756292,v105-v106,1343.6966666666667,1396.0,149.30032892219796,v106-v107
BenchmarkBitmapForEachSetBit/one-set-bit-noclear-2,770.8952898550725,784.05,45.334308255520874,v104-v105,786.8123333333334,784.8499999999999,76.94233571082755,v105-v106,785.1353333333334,791.3,55.486598022307945,v106-v107
BenchmarkBitmapForEachSetBitReadonly/half-zero-bits-2,93512.31884057971,100127.5,15055.745875058288,v104-v105,96834.82666666666,99850.0,11950.286912074203,v105-v106,97731.07666666666,100114.0,12592.437903173193,v106-v107
BenchmarkBitmapForEachSetBitReadonly/no-zero-bits-2,107846.78985507246,105680.0,17107.678353493433,v104-v105,109867.22,107766.5,11528.610136403708,v105-v106,112670.68,108546.0,14213.037064361357,v106-v107
BenchmarkBitmapForEachSetBitReadonly/one-set-bit-2,798.504347826087,809.7,59.703504839486484,v104-v105,801.0286666666667,809.8,46.7984382677802,v105-v106,811.2326666666667,815.1500000000001,50.678957388270085,v106-v107
BenchmarkBitmapIsSetBit/half-zero-bits-2,116177.22101449275,128852.5,26392.366045542127,v104-v105,124864.05,128869.0,26996.104709986244,v105-v106,123293.05666666667,129518.5,19325.860445180995,v106-v107
BenchmarkBitmapIsSetBit/no-zero-bits-2,115714.6884057971,128854.0,25843.37979256111,v104-v105,124907.07333333333,128857.5,26830.535601876603,v105-v106,123896.25,129558.5,20119.632710917984,v106-v107
BenchmarkBitmapIsSetBit/one-set-bit-2,116053.59057971014,128893.0,26284.357367746336,v104-v105,123864.79333333333,128888.0,23802.304845339204,v105-v106,123275.03333333334,129528.0,19323.81909406514,v106-v107
BenchmarkBlockStreamReaderBlocksBestCase-2,2824.25,3035.0,448.0238944520709,v104-v105,2971.2833333333333,3064.5,378.1769901007921,v105-v106,3005.75,3120.0,349.8724385317411,v106-v107
BenchmarkBlockStreamReaderBlocksWorstCase-2,11409412.398550725,11921038.0,3168744.618744877,v104-v105,11457815.716666667,11900565.0,1705228.3591667835,v105-v106,11426872.56,11925138.0,1562602.1441092396,v106-v107
BenchmarkBlockStreamReaderRowsBestCase-2,271702.52536231885,274900.5,45628.660138869345,v104-v105,269702.89666666667,274998.0,24727.847801935925,v105-v106,271940.9766666667,277517.0,21038.738889716904,v106-v107
BenchmarkBlockStreamReaderRowsWorstCase-2,15200399.927536232,16567784.5,3518040.2292351387,v104-v105,15920321.833333334,16565824.5,2527673.9546509143,v105-v106,16422964.626666667,16667069.0,3997174.0646360945,v106-v107
BenchmarkBlockStreamWriterBlocksBestCase-2,4936.329710144928,5238.5,659.4484609991121,v104-v105,5118.9766666666665,5239.0,587.0277062301478,v105-v106,5461.95,5299.5,1482.225864212943,v106-v107
BenchmarkBlockStreamWriterBlocksWorstCase-2,24010626.800724637,25164647.0,5086853.503244716,v104-v105,24325129.063333333,25142665.0,3932036.553191705,v105-v106,25547907.883333333,25946231.0,4749473.010308264,v106-v107
BenchmarkBlockStreamWriterRowsBestCase-2,262370.6992753623,273762.5,26563.308328323878,v104-v105,267383.41,274127.0,22198.79429719998,v105-v106,271763.29,277707.5,25151.50595807529,v106-v107
BenchmarkBlockStreamWriterRowsWorstCase-2,40292323.717391305,43750810.0,9963364.499079594,v104-v105,42368560.18,44053844.0,6901463.245121737,v105-v106,42861382.333333336,44432981.0,6822031.430287801,v106-v107
BenchmarkBlock_MustInitFromRows/rowsPerBlock_1-2,247.44384057971016,270.5,45.240221023854666,v104-v105,261.1483333333333,271.4,33.609883140299246,v105-v106,268.91966666666667,273.4,57.26922495528309,v106-v107
BenchmarkBlock_MustInitFromRows/rowsPerBlock_10-2,1580.3514492753623,1676.0,255.63579852751684,v104-v105,1658.73,1700.0,220.60198219529875,v105-v106,1663.8266666666666,1700.0,238.93444467411555,v106-v107
BenchmarkBlock_MustInitFromRows/rowsPerBlock_100-2,7244.420289855072,7476.5,816.7083895878538,v104-v105,7372.076666666667,7494.0,581.5237372445073,v105-v106,7456.3,7542.5,772.0395934013123,v106-v107
BenchmarkBlock_MustInitFromRows/rowsPerBlock_1000-2,65249.688405797104,66897.0,6596.361414984883,v104-v105,66756.14,67077.5,6845.9129486676875,v105-v106,66902.97333333333,67814.0,4972.2752440875065,v106-v107
BenchmarkBlock_MustInitFromRows/rowsPerBlock_10000-2,1073681.7391304348,1118673.5,156135.58412052965,v104-v105,1122929.5,1138413.0,143181.39302885122,v105-v106,1133655.5066666666,1161472.5,168068.4368921219,v106-v107
BenchmarkCacheGet-2,986200.4130434783,1016881.5,160278.7005124274,v104-v105,1076469.0766666667,1062323.5,323670.52933147387,v105-v106,1061835.9866666666,1089788.5,176938.59845049432,v106-v107
BenchmarkCalbirateScale-2,112.065,118.9,13.913711575930483,v104-v105,115.80013333333333,118.8,11.981054246255976,v105-v106,116.9136,119.8,11.88345589971205,v106-v107
BenchmarkDedupAggr/samplesPerPush_1-2,529.5789855072463,562.6500000000001,73.12865321077368,v104-v105,544.517,561.8,57.160944032988695,v105-v106,533.6246666666666,552.0999999999999,58.07988897400713,v106-v107
BenchmarkDedupAggr/samplesPerPush_10-2,1397.7557971014492,1496.0,229.58386735153994,v104-v105,1444.2253333333333,1493.0,174.98777011701134,v105-v106,1479.4853333333333,1518.0,218.8131320115207,v106-v107
BenchmarkDedupAggr/samplesPerPush_100-2,9487.213768115942,10039.0,1827.4146530377357,v104-v105,9762.833333333334,10028.0,1299.4362369898079,v105-v106,9947.556666666667,10232.5,1307.3784461510838,v106-v107
BenchmarkDedupAggr/samplesPerPush_1000-2,88392.97101449275,93613.5,15185.5336295338,v104-v105,91508.57666666666,93686.5,12540.308476258513,v105-v106,92017.35666666667,94307.5,11815.404304227735,v106-v107
BenchmarkDedupAggr/samplesPerPush_10000-2,1102250.9347826086,1163262.0,158485.34669784963,v104-v105,1140034.3733333333,1164466.5,139563.2990659359,v105-v106,1159523.39,1188232.0,156519.86116601736,v106-v107
BenchmarkDedupAggr/samplesPerPush_100000-2,29063051.413043477,28704764.0,4004632.3312636903,v104-v105,29004451.166666668,28987595.0,3328323.558440058,v105-v106,29587789.126666665,29656662.0,1811751.5281403356,v106-v107
BenchmarkDeduplicateSamples/minScrapeInterval=10s-2,18599.032608695652,18971.0,2352.509492363442,v104-v105,19099.36,19045.0,1885.5788755852966,v105-v106,19164.79,19074.5,1963.0702301058334,v106-v107
BenchmarkDeduplicateSamples/minScrapeInterval=1s-2,10889.239130434782,11141.5,600.6234767227405,v104-v105,11041.026666666667,11166.0,509.87511024666975,v105-v106,11207.28,11300.5,625.4857336048075,v106-v107
BenchmarkDeduplicateSamples/minScrapeInterval=2s-2,25766.141304347828,27551.0,3636.347698891461,v104-v105,26854.156666666666,27527.0,2920.8694424414407,v105-v106,27020.15,27689.5,2863.1928083334365,v106-v107
BenchmarkDeduplicateSamples/minScrapeInterval=5s-2,20331.605072463768,21219.5,2767.758841276655,v104-v105,20875.606666666667,21216.0,1990.9310250341941,v105-v106,21157.823333333334,21522.5,2078.2244782656257,v106-v107
BenchmarkDeduplicateSamplesDuringMerge/minScrapeInterval=10s-2,14648.09420289855,15423.0,1978.829308225838,v104-v105,15109.666666666666,15471.5,1515.4695869991192,v105-v106,15176.53,15546.0,1438.7602972965738,v106-v107
BenchmarkDeduplicateSamplesDuringMerge/minScrapeInterval=1s-2,10984.217391304348,11172.0,816.3262871637937,v104-v105,11069.42,11172.5,457.8763436638308,v105-v106,11213.883333333333,11299.5,734.6982883960791,v106-v107
BenchmarkDeduplicateSamplesDuringMerge/minScrapeInterval=2s-2,25466.155797101448,25840.0,1820.6530959078868,v104-v105,25808.033333333333,25855.0,1436.2207254211723,v105-v106,26021.666666666668,26031.5,1477.5097514990553,v106-v107
BenchmarkDeduplicateSamplesDuringMerge/minScrapeInterval=5s-2,17258.742753623188,17838.0,1862.6792987380577,v104-v105,17658.513333333332,17847.0,1373.307248634742,v105-v106,17695.58,17971.5,1275.8638323356445,v106-v107
BenchmarkDeduplicatorPush-2,16735278.141304348,18037963.0,2892994.5376757365,v104-v105,17958422.596666668,18110994.0,4512009.21390499,v105-v106,17576203.733333334,18131872.0,2255079.76374269,v106-v107
BenchmarkFastStringMatcher/#00-2,30.126884057971015,31.025,2.917392310259823,v104-v105,31.394533333333335,31.21,6.595934654171149,v105-v106,31.66443333333333,31.52,6.086483408325505,v106-v107
BenchmarkFastStringMatcher/foo-2,33.39047101449275,34.79,3.821841269130567,v104-v105,34.96116666666667,34.96,6.989129469494756,v105-v106,35.249433333333336,35.370000000000005,6.708168136287623,v106-v107
BenchmarkFastStringMatcher/foo-bar-baz-2,33.88134057971015,35.51,4.017047492866782,v104-v105,35.2209,35.64,5.848669304389425,v105-v106,35.071133333333336,35.98,3.314076501694832,v106-v107
BenchmarkFastStringMatcher/http_requests_total-2,35.70322463768116,36.33,8.531516934300933,v104-v105,36.29596666666667,36.370000000000005,7.303782549518963,v105-v106,35.79366666666667,36.66,3.1255313751123346,v106-v107
BenchmarkFastStringTransformer/#00-2,29.53108695652174,30.505,3.1270098839353375,v104-v105,30.145566666666667,30.69,2.2673249776044706,v105-v106,30.396966666666668,31.01,2.325111382714599,v106-v107
BenchmarkFastStringTransformer/foo-2,32.85626811594203,33.915,3.9419445391418972,v104-v105,33.6202,34.37,3.0148688319027435,v105-v106,33.787166666666664,34.605000000000004,3.141594876297411,v106-v107
BenchmarkFastStringTransformer/foo-bar-baz-2,33.09166666666666,34.1,4.010359962684525,v104-v105,33.98853333333333,34.394999999999996,3.810349291245252,v105-v106,34.1102,34.735,3.6380652857544202,v106-v107
BenchmarkFastStringTransformer/http_requests_total-2,33.950797101449275,35.37,3.693841471539382,v104-v105,34.844366666666666,35.47,2.9089012163548196,v105-v106,35.193400000000004,35.754999999999995,3.4905080712294185,v106-v107
BenchmarkFederate-2,462.0369565217391,504.2,85.46659789954042,v104-v105,495.93766666666664,504.3,110.6805884369283,v105-v106,487.2506666666667,507.65,62.57837867678371,v106-v107
BenchmarkFilterAdd/maxItems=1000-2,631916.0833333334,702715.0,139849.92399905733,v104-v105,670357.9033333333,704669.0,104512.03189120104,v105-v106,676747.7733333333,710987.5,105957.61140126493,v106-v107
BenchmarkFilterAdd/maxItems=10000-2,644502.445652174,722515.0,165856.05804151323,v104-v105,684673.49,723156.0,116835.14234300792,v105-v106,693008.9133333333,728376.5,127208.98343524284,v106-v107
BenchmarkFilterAdd/maxItems=100000-2,675477.6811594203,763414.0,177015.18218318216,v104-v105,722780.6266666667,764842.0,135747.25901158302,v105-v106,745277.64,770772.5,189122.03234482728,v106-v107
BenchmarkFilterAdd/maxItems=1000000-2,1183090.0579710144,1287272.5,371093.17314453056,v104-v105,1265534.66,1300870.5,286807.94620258984,v105-v106,1390332.5466666666,1382186.0,518614.9648998198,v106-v107
BenchmarkFilterAdd/maxItems=10000000-2,4871314.485507246,5233420.0,1066573.0580403786,v104-v105,5110127.323333333,5346523.5,767285.2614911674,v105-v106,5281943.423333333,5329280.5,939633.3362666542,v106-v107
BenchmarkFilterHasHit/maxItems=1000-2,463100.0724637681,522573.5,117522.25691963888,v104-v105,495924.68333333335,524079.0,92050.96057720964,v105-v106,498644.13333333336,526947.5,89837.66850155259,v106-v107
BenchmarkFilterHasHit/maxItems=10000-2,465854.1195652174,525629.0,118503.40649037054,v104-v105,498455.25,527074.5,91222.67936298171,v105-v106,501125.5266666667,530203.5,89519.62859534648,v106-v107
BenchmarkFilterHasHit/maxItems=100000-2,485390.78623188403,546792.0,123505.44752011247,v104-v105,534300.0933333334,548381.5,140586.87979007262,v105-v106,523653.29,552171.5,89349.84021081528,v106-v107
BenchmarkFilterHasHit/maxItems=1000000-2,714337.5652173914,771701.5,183482.12116121157,v104-v105,797837.9533333334,767350.0,283254.99711297156,v105-v106,782020.3766666667,811951.5,152863.49264799376,v106-v107
BenchmarkFilterHasHit/maxItems=10000000-2,1788337.641304348,1783360.5,533016.2297152838,v104-v105,1824452.0866666667,1696145.5,625708.8256553699,v105-v106,1944542.95,2079546.0,502876.63386912877,v106-v107
BenchmarkFilterHasMiss/maxItems=1000-2,131699.01811594202,146489.5,30404.709261853746,v104-v105,139864.05666666667,146934.5,22529.536665927993,v105-v106,141722.02,147830.5,23565.651676597932,v106-v107
BenchmarkFilterHasMiss/maxItems=10000-2,133555.60507246378,149102.0,31246.937648232917,v104-v105,142103.71,149617.5,23252.207482198697,v105-v106,143173.35666666666,150592.0,23097.633991445917,v106-v107
BenchmarkFilterHasMiss/maxItems=100000-2,142763.4384057971,157259.5,35381.0091754912,v104-v105,151200.24333333335,157470.0,27395.85710295395,v105-v106,151940.89666666667,158943.0,29526.181310297343,v106-v107
BenchmarkFilterHasMiss/maxItems=1000000-2,177114.53623188406,192473.5,34745.81455357476,v104-v105,188531.33,193069.0,32787.215550265384,v105-v106,195424.86666666667,198947.5,50660.312599619785,v106-v107
BenchmarkFilterHasMiss/maxItems=10000000-2,274491.96376811597,307850.0,63073.52979556021,v104-v105,297361.4533333333,310071.5,53155.59717003306,v105-v106,304007.9766666667,313728.5,68097.04077881975,v106-v107
BenchmarkFromFloat/0-2,2.852322463768116,2.999,0.7014903519085754,v104-v105,2.8891,3.0,0.3330528848100067,v105-v106,2.958133333333333,3.017,0.51843829892108,v106-v107
BenchmarkFromFloat/1.2334345e+07-2,7.381010869565218,7.869,1.2508414258444964,v104-v105,7.634503333333334,7.871,0.969069341145781,v105-v106,7.648993333333333,7.918,0.8536009461137231,v106-v107
BenchmarkFromFloat/1.23454435e+31-2,46.65420289855072,48.55,11.138620695520718,v104-v105,47.035,48.56,4.706776336120182,v105-v106,48.9012,48.94,9.91093068536791,v106-v107
BenchmarkFromFloat/1.2345678901e+14-2,14.038623188405797,14.93,3.316155624603227,v104-v105,14.359743333333332,14.92,1.715461096430571,v105-v106,14.636703333333335,15.06,2.3467562973288043,v106-v107
BenchmarkFromFloat/1234-2,7.387684782608695,7.871,1.251493376405074,v104-v105,7.590963333333334,7.871,0.8507450179739985,v105-v106,7.741583333333333,7.9185,1.2390740108660037,v106-v107
BenchmarkFromFloat/12343.4344-2,25.754021739130433,27.42,3.828636422763009,v104-v105,26.547533333333334,27.43,2.830963043689906,v105-v106,26.816166666666668,27.62,3.01717751761447,v106-v107
BenchmarkGetScrapeWork-2,3808.1666666666665,4044.5,530.3807905932332,v104-v105,3973.9666666666667,4064.0,509.7600578810832,v105-v106,4009.3033333333333,4136.0,416.3236994591185,v106-v107
BenchmarkGetStaleSeries-2,38000.25,39567.0,5324.805041160051,v104-v105,38796.03666666667,39467.0,5015.546669103516,v105-v106,35130.73333333333,35690.0,5907.271709201099,v106-v107
BenchmarkGraphiteMatchTemplateMatch/match-long-2,73.33260869565217,74.72,15.61053277545635,v104-v105,73.46286666666667,74.77,6.759549007998047,v105-v106,75.7914,75.64500000000001,11.546515351505047,v106-v107
BenchmarkGraphiteMatchTemplateMatch/match-short-2,30.190615942028987,31.7,4.345207263720607,v104-v105,30.8986,31.825,2.801621253039917,v105-v106,32.26976666666667,32.21,6.429491697679063,v106-v107
BenchmarkGraphiteMatchTemplateMatch/mismatch-long-2,10.628119565217391,10.88,1.7261693112515706,v104-v105,10.655696666666666,10.88,0.7198224915816709,v105-v106,10.959340000000001,10.97,1.8383462188794102,v106-v107
BenchmarkGraphiteMatchTemplateMatch/mismtach-short-2,6.3098152173913045,6.377,1.200862637782579,v104-v105,6.287129999999999,6.383,0.46275740348654115,v105-v106,6.31558,6.422,0.46129116118197566,v106-v107
BenchmarkGraphiteReplaceTemplateExpand/one-replacement-2,10.39802536231884,10.53,0.7886218608144311,v104-v105,10.466943333333333,10.515,0.9438248378472283,v105-v106,10.5199,10.59,0.9256644273747485,v106-v107
BenchmarkGraphiteReplaceTemplateExpand/one-replacement-with-prefix-2,14.057536231884058,14.23,2.0045028625460257,v104-v105,14.165066666666668,14.23,1.3571917921790135,v105-v106,14.200600000000001,14.35,1.16294530364253,v106-v107
BenchmarkGraphiteReplaceTemplateExpand/one-replacement-with-prefix-suffix-2,17.866630434782607,18.1,3.2833656603078074,v104-v105,17.855833333333333,18.11,1.3741937029885327,v105-v106,17.9206,18.22,1.2318551852082336,v106-v107
BenchmarkGraphiteReplaceTemplateExpand/two-replacements-2,15.061195652173915,15.59,3.12177962383043,v104-v105,15.143966666666666,15.59,1.422056285507971,v105-v106,15.243266666666669,15.7,1.4052279343153384,v106-v107
BenchmarkGraphiteReplaceTemplateExpand/two-replacements-with-delimiter-2,18.9118115942029,19.78,3.038655500652702,v104-v105,19.273366666666668,19.81,1.6989490157395823,v105-v106,19.53633333333333,19.99,1.7203077490360636,v106-v107
BenchmarkHash128-2,5594.938405797101,5907.0,731.6196477129562,v104-v105,5836.863333333334,5991.5,584.7469778310078,v105-v106,5882.433333333333,6044.5,555.0509743883473,v106-v107
BenchmarkIfExpression/equal___name__:_first-2,15.548586956521739,15.04,5.278885333068318,v104-v105,15.0015,15.05,1.28844910142253,v105-v106,15.392199999999999,15.15,2.585983926780138,v106-v107
BenchmarkIfExpression/equal___name__:_last-2,98.90554347826087,96.66499999999999,28.099743086400977,v104-v105,96.10973333333334,96.58,7.571798180607327,v105-v106,108.68706666666667,97.85499999999999,17.932908821257293,v106-v107
BenchmarkIfExpression/equal___name__:_middle-2,63.12347826086957,64.12,18.570105131231223,v104-v105,62.59296666666666,64.14,5.415826880685966,v105-v106,66.56003333333332,64.86500000000001,8.415365366184444,v106-v107
BenchmarkIfExpression/equal_label:_first-2,18.022427536231884,18.08,3.1800608762330493,v104-v105,18.1026,18.11,1.5328014137235941,v105-v106,18.245966666666668,18.24,1.3717827909844285,v106-v107
BenchmarkIfExpression/equal_label:_last-2,450.9717391304348,436.0,73.65245313609341,v104-v105,443.95366666666666,437.75,27.62153720585206,v105-v106,456.58700000000005,440.25,94.34272182600235,v106-v107
BenchmarkIfExpression/equal_label:_middle-2,221.69710144927538,213.9,34.81207510887617,v104-v105,218.328,214.55,12.384231099794212,v105-v106,226.73666666666668,215.9,40.31497877880305,v106-v107
BenchmarkIndexDBAddTSIDs-2,13331626.210144928,14195649.0,2653002.9618976424,v104-v105,14063439.51,14520087.5,2488207.366004176,v105-v106,14246886.943333333,14832321.5,2082062.7394236224,v106-v107
BenchmarkIndexDBGetTSIDs-2,282027.8695652174,308430.0,54465.388146945836,v104-v105,296878.16333333333,310449.0,41505.99675120489,v105-v106,299238.31,312520.0,41964.188182703365,v106-v107
BenchmarkInmemoryPartInitFromRowsBestCase-2,961862.0615942029,986383.5,234421.07358848542,v104-v105,969879.8633333333,994773.5,96233.75742234847,v105-v106,962853.6266666667,989248.5,98244.58973460582,v106-v107
BenchmarkInmemoryPartInitFromRowsWorstCase-2,44845721.22463768,48875025.0,10012220.223232089,v104-v105,46600223.553333335,48755588.0,6669121.049007539,v105-v106,47525763.38666666,49052430.0,7758805.628743789,v106-v107
BenchmarkInternString-2,398270.0869565217,414218.5,41977.61975684895,v104-v105,408020.53,414173.5,35341.38784643496,v105-v106,408936.4266666667,417518.5,34164.89938917124,v106-v107
BenchmarkIntersectFullOverlap/items_1000-2,7482.666666666667,7544.5,1323.0731544858786,v104-v105,7744.543333333333,7553.0,1544.7052629179823,v105-v106,7849.29,7775.5,1309.2703650747146,v106-v107
BenchmarkIntersectFullOverlap/items_10000-2,9888.148550724638,8171.5,3244.576543828414,v104-v105,9322.69,8143.5,2733.017785272423,v105-v106,9440.813333333334,8289.0,2997.7833848635732,v106-v107
BenchmarkIntersectFullOverlap/items_100000-2,20490.365942028984,18829.5,5434.361905183401,v104-v105,21350.873333333333,20965.5,4377.055027412711,v105-v106,22063.43666666667,22480.5,4667.466086814209,v106-v107
BenchmarkIntersectFullOverlap/items_1000000-2,151826.49637681158,153956.0,19748.93990591036,v104-v105,156613.35666666666,153375.0,25893.003797454083,v105-v106,160100.49333333335,159290.0,22892.65337172492,v106-v107
BenchmarkIntersectFullOverlap/items_10000000-2,1613444.6739130435,1655851.0,170276.3709991993,v104-v105,1635274.4266666668,1641760.0,212304.92776944325,v105-v106,1662333.77,1694537.5,176338.11912079767,v106-v107
BenchmarkIntersectNoOverlap/items_1000-2,7591.539855072464,7512.0,1534.8327460690286,v104-v105,8692.623333333333,7557.0,6642.267055776696,v105-v106,7896.213333333333,7818.5,1414.4057408755193,v106-v107
BenchmarkIntersectNoOverlap/items_10000-2,8674.286231884058,7904.5,1990.531741098051,v104-v105,9119.593333333334,8016.0,3966.5590769572805,v105-v106,9196.566666666668,8218.5,2914.8221339326637,v106-v107
BenchmarkIntersectNoOverlap/items_100000-2,16482.634057971016,16887.0,2507.000580947724,v104-v105,16781.29,17104.0,1817.259259605542,v105-v106,17577.833333333332,17738.0,2712.2070846062225,v106-v107
BenchmarkIntersectNoOverlap/items_1000000-2,146950.14855072464,101179.5,363991.39313656057,v104-v105,100902.79333333333,102563.5,13181.939111010068,v105-v106,104966.26333333334,107452.5,11518.020645316708,v106-v107
BenchmarkIntersectNoOverlap/items_10000000-2,977075.7753623188,1019000.0,201188.28240453635,v104-v105,1022123.4966666667,1031759.5,286955.4278147936,v105-v106,1038589.49,1063050.5,183763.74945032928,v106-v107
BenchmarkIntersectPartialOverlap/items_1000-2,7526.916666666667,7548.5,1180.9483724891822,v104-v105,7974.7266666666665,7658.5,3011.1745936428556,v105-v106,7889.29,7895.5,1251.7296070894124,v106-v107
BenchmarkIntersectPartialOverlap/items_10000-2,9002.742753623188,8035.0,2714.7217575391396,v104-v105,9281.943333333333,8103.0,6303.88046920484,v105-v106,9019.016666666666,8270.0,2389.398074883383,v106-v107
BenchmarkIntersectPartialOverlap/items_100000-2,18262.25,19001.5,3581.2675367807947,v104-v105,20410.523333333334,19485.5,8393.12536349521,v105-v106,19079.316666666666,20054.5,3375.020015259202,v106-v107
BenchmarkIntersectPartialOverlap/items_1000000-2,127534.95289855072,129109.0,20879.269929624876,v104-v105,140764.45,131944.0,67869.11632963397,v105-v106,136878.24666666667,136684.0,31156.796530655458,v106-v107
BenchmarkIntersectPartialOverlap/items_10000000-2,1289727.2753623188,1319020.0,184822.7609522854,v104-v105,1354714.92,1335552.0,424134.89055057475,v105-v106,1353375.7366666666,1380406.5,203306.50193713346,v106-v107
BenchmarkIsAutoMetricHit-2,32.49239130434783,31.175,2.223039542231339,v104-v105,31.04793333333333,30.58,1.6412348710331541,v105-v106,31.1898,31.01,1.7494499737638518,v106-v107
BenchmarkIsAutoMetricMiss-2,27.261195652173914,27.115000000000002,2.0905370388184807,v104-v105,29.37163333333333,29.32,1.1292820397520609,v105-v106,27.946366666666666,28.865000000000002,1.7945164892871006,v106-v107
BenchmarkKeyHashUint64-2,7.665507246376811,8.1105,1.1375577651434738,v104-v105,7.964333333333334,8.119,0.959604368495514,v105-v106,8.083706666666666,8.1935,1.067118682040924,v106-v107
BenchmarkLabelsCompressorCompress-2,82135.53985507246,88367.0,15909.23838261181,v104-v105,84843.68,88396.0,11104.248593836166,v105-v106,85893.60333333333,89349.0,11063.081964254574,v106-v107
BenchmarkLabelsCompressorDecompress-2,10947.478260869566,11525.0,1259.3106756108684,v104-v105,11305.7,11590.5,1108.5615298899022,v105-v106,11551.433333333332,11647.0,2150.6567820558685,v106-v107
BenchmarkLabelsInternStrings-2,84.60909420289855,86.27000000000001,5.628949158687933,v104-v105,86.26013333333334,86.2,5.736976874721779,v105-v106,87.15916666666666,86.79,7.690739053966776,v106-v107
BenchmarkLessNatural/common_numeric_prefixes-2,221.325,233.6,30.60314645142341,v104-v105,227.0823333333333,233.7,20.98110603831121,v105-v106,229.48066666666665,235.2,19.29179456003798,v106-v107
BenchmarkLessNatural/common_numeric_values-2,278.4463768115942,295.8,34.69622805681088,v104-v105,288.327,295.8,32.56073980921007,v105-v106,290.34233333333333,297.9,30.36818725595802,v106-v107
BenchmarkLessNatural/common_string_prefixes_distinct_numeric_suffixes-2,193.43333333333334,200.5,18.932030898437553,v104-v105,197.431,200.7,15.257175700892141,v105-v106,199.14399999999998,202.0,15.906612831541956,v106-v107
BenchmarkLessNatural/common_string_prefixes_distinct_string_suffixes-2,115.25365942028985,121.6,12.817366287968328,v104-v105,119.33626666666666,121.7,14.766845651567325,v105-v106,120.32693333333334,122.4,16.058978086608633,v106-v107
BenchmarkLessNatural/common_string_values-2,156.29202898550724,163.2,17.70761751478911,v104-v105,159.85533333333333,163.3,12.89820208189393,v105-v106,161.30933333333334,164.3,13.913982508723581,v106-v107
BenchmarkLessNatural/distinct_numeric_values-2,149.96521739130435,155.7,14.827437231755857,v104-v105,157.10399999999998,155.8,30.5118560869854,v105-v106,156.73366666666666,156.8,26.70735058255224,v106-v107
BenchmarkLessNatural/distinct_string_prefixes-2,74.46836956521739,77.69,8.852574143625091,v104-v105,78.2493,77.73,15.075177603461917,v105-v106,77.88056666666667,78.205,12.640875012533632,v106-v107
BenchmarkLogRowsMustAdd-2,12427.891304347826,13173.5,2386.551773995377,v104-v105,13704.39,13507.0,4512.38962023998,v105-v106,13737.12,13691.5,3486.5281586323736,v106-v107
BenchmarkMapAddNoAllocs/items_1000-2,26821.467391304348,27841.5,3418.5339413297784,v104-v105,27320.54,27981.0,2568.108506157397,v105-v106,27820.703333333335,28496.0,2392.29671107808,v106-v107
BenchmarkMapAddNoAllocs/items_10000-2,285439.57608695654,294507.5,41297.91776909924,v104-v105,288754.9166666667,295341.0,22965.448266835756,v105-v106,295657.77,301300.0,31094.97215211655,v106-v107
BenchmarkMapAddNoAllocs/items_100000-2,4067892.322463768,4124196.5,607633.1297061832,v104-v105,4091838.2133333334,4148235.5,511927.4408175714,v105-v106,4275846.176666667,4266029.5,1049020.8467637755,v106-v107
BenchmarkMapAddNoAllocs/items_1000000-2,86453543.13043478,81251460.0,16822404.138145596,v104-v105,85655120.20666666,83908650.0,13065501.591637012,v105-v106,88810882.7,84166858.0,24061544.59192422,v106-v107
BenchmarkMapAddNoAllocs/items_10000000-2,1334149394.0217392,1282203700.0,244422231.76775253,v104-v105,1328567513.0,1323568400.0,122479451.45387913,v105-v106,1352806658.1666667,1338902550.0,117123265.81821413,v106-v107
BenchmarkMapAddRandomLastBits/lastBits_20-2,2341580.579710145,2477387.0,317223.1559779576,v104-v105,2425330.2533333334,2482859.0,279825.08201891417,v105-v106,2439635.6266666665,2505975.5,223764.59689456056,v106-v107
BenchmarkMapAddRandomLastBits/lastBits_24-2,2910345.2282608696,3053077.5,444598.5661004019,v104-v105,2996756.723333333,3065212.5,350128.95297164936,v105-v106,3021767.243333333,3098470.5,280777.8082187728,v106-v107
BenchmarkMapAddRandomLastBits/lastBits_28-2,3915348.355072464,4118492.0,511132.9392877077,v104-v105,4027861.9133333336,4127991.0,405950.40992777346,v105-v106,4152074.1266666665,4216884.0,497009.3520964989,v106-v107
BenchmarkMapAddRandomLastBits/lastBits_32-2,5225547.981884058,5431988.0,835080.042279973,v104-v105,5349419.056666667,5475191.0,641544.2656006492,v105-v106,5493774.486666666,5602438.0,601223.7729028871,v106-v107
BenchmarkMapAddReuse/items_1000-2,24114.91304347826,25293.5,2531.516244117202,v104-v105,24764.966666666667,25308.5,2318.3819014618025,v105-v106,24884.45,25530.5,2055.339563975778,v106-v107
BenchmarkMapAddReuse/items_10000-2,256328.20289855072,267444.0,25957.283652299884,v104-v105,262995.58666666667,267584.0,25875.282129607338,v105-v106,271935.57,271246.0,56034.29115266564,v106-v107
BenchmarkMapAddReuse/items_100000-2,3545419.3695652173,3621400.0,360597.7101276481,v104-v105,3592391.9366666665,3634956.0,305690.98755315563,v105-v106,3755220.86,3722615.0,928974.9338702909,v106-v107
BenchmarkMapAddReuse/items_1000000-2,86684232.86956522,81707678.0,13597407.50161306,v104-v105,85060955.54666667,82869090.0,10067832.46296269,v105-v106,87529946.67333333,84811230.0,12895217.617831638,v106-v107
BenchmarkMapAddReuse/items_10000000-2,1371573224.710145,1276377400.0,237479719.50709468,v104-v105,1364763503.8333333,1281142350.0,189514975.03790426,v105-v106,1403489074.5,1320883600.0,211596127.29356515,v106-v107
BenchmarkMapAddWithAllocs/items_1000-2,68862.69927536232,72507.5,8875.253026875003,v104-v105,70840.50333333333,72763.5,6906.905051804156,v105-v106,71896.1,73914.0,6787.3821678396525,v106-v107
BenchmarkMapAddWithAllocs/items_10000-2,605723.9891304348,625053.0,98492.43420377685,v104-v105,611811.7766666666,626443.5,55310.77825944653,v105-v106,631023.0933333334,640359.0,78708.74515340322,v106-v107
BenchmarkMapAddWithAllocs/items_100000-2,7603187.177536231,7742798.5,1488865.204303607,v104-v105,7663464.093333334,7826203.0,897091.0852841033,v105-v106,7840442.946666666,8063162.5,783877.2539380741,v106-v107
BenchmarkMapAddWithAllocs/items_1000000-2,166735928.5942029,157435480.0,56584210.10090911,v104-v105,157704079.00666666,159446630.0,12461928.737516591,v105-v106,163689098.72,164266590.0,11810256.496143544,v106-v107
BenchmarkMapAddWithAllocs/items_10000000-2,2716280230.7971015,2631119850.0,482103467.29341704,v104-v105,2663580496.6666665,2657973450.0,231545719.25608188,v105-v106,2788416781.6666665,2773935600.0,190907212.64517826,v106-v107
BenchmarkMapHasHit/items_1000-2,12785.876811594202,13796.0,2357.1766731422153,v104-v105,13401.976666666667,13851.0,1845.3141658512236,v105-v106,13442.29,13947.0,1715.3584800122205,v106-v107
BenchmarkMapHasHit/items_10000-2,168219.6920289855,176245.5,19320.63093218067,v104-v105,172409.85666666666,176575.0,14465.800833990646,v105-v106,176782.52,179621.0,24297.616989342845,v106-v107
BenchmarkMapHasHit/items_100000-2,2272515.2862318843,2202682.0,730419.2909177786,v104-v105,2187693.3266666667,2212201.5,248584.93099024502,v105-v106,2284612.6266666665,2241021.5,592089.0206856248,v106-v107
BenchmarkMapHasHit/items_1000000-2,60561171.04347826,56152327.0,17194001.859063283,v104-v105,59815841.28,58013087.0,13952532.898533646,v105-v106,60374318.153333336,59079004.0,12647561.364001643,v106-v107
BenchmarkMapHasHit/items_10000000-2,791385080.7608696,664192975.0,234436691.69778377,v104-v105,871942001.5666667,1006503950.0,230458676.84216428,v105-v106,948036278.5333333,1024791830.0,197966117.02948794,v106-v107
BenchmarkMapHasMiss/items_1000-2,13347.152173913044,13412.5,684.4772752949917,v104-v105,13405.346666666666,13423.0,897.927490995705,v105-v106,13595.266666666666,13516.0,1715.6613696589488,v106-v107
BenchmarkMapHasMiss/items_10000-2,142463.0072463768,144444.0,6475.5090649968615,v104-v105,143529.80333333334,144501.0,8408.615008381981,v105-v106,148576.22333333333,145731.5,34542.60451794373,v106-v107
BenchmarkMapHasMiss/items_100000-2,1996932.134057971,2031481.0,172007.23975592176,v104-v105,1999324.52,2031075.0,121108.16676370687,v105-v106,2092392.7166666666,2055792.0,525050.8890475748,v106-v107
BenchmarkMapHasMiss/items_1000000-2,74005299.66666667,65252317.0,28808793.670483556,v104-v105,67753437.68,65988698.0,12099900.577367593,v105-v106,68203175.29333334,66887465.0,9211837.838061294,v106-v107
BenchmarkMapHasMiss/items_10000000-2,874961596.268116,781777070.0,232823251.89341173,v104-v105,831449212.7,797636170.0,149026400.49075815,v105-v106,820303651.3333334,803513250.0,115984116.51454537,v106-v107
BenchmarkMarshalConstArray-2,6053.963768115942,6203.0,350.7943486519029,v104-v105,6339.0233333333335,6204.0,1277.678788432467,v105-v106,6149.663333333333,6248.0,310.645401070486,v106-v107
BenchmarkMarshalDeltaConstArray-2,6039.235507246377,6215.0,370.4221851397973,v104-v105,6346.216666666666,6216.0,1213.3629114594025,v105-v106,6163.51,6260.0,304.3027941625201,v106-v107
BenchmarkMarshalGaugeArray-2,279918.9202898551,300204.5,49269.00198041709,v104-v105,289848.3466666667,300757.5,34837.850305947744,v105-v106,300750.7133333333,306307.5,64761.80543423335,v106-v107
BenchmarkMarshalInt64-2,1.38306884057971,1.411,0.15450923705284053,v104-v105,1.3987866666666668,1.412,0.10649770118056381,v105-v106,1.4124766666666666,1.419,0.1436683615690735,v106-v107
BenchmarkMarshalInt64Array-2,236699.04710144928,257510.0,42539.582457855446,v104-v105,248503.51666666666,258729.5,31676.363206282207,v105-v106,254767.29,261640.5,46637.849851687286,v106-v107
BenchmarkMarshalInt64NearestDelta/precisionBits_4-2,62161.52536231884,64559.5,5405.039592764743,v104-v105,63718.02,64567.5,6138.651550282526,v105-v106,64238.96666666667,64959.0,6270.997765545273,v106-v107
BenchmarkMarshalInt64NearestDelta/precisionBits_64-2,26660.920289855072,27792.0,2368.483938760964,v104-v105,27261.826666666668,27796.5,2129.0108031561076,v105-v106,27451.016666666666,27982.0,2010.0279394692623,v106-v107
BenchmarkMarshalInt64NearestDelta2/precisionBits_4-2,72389.58333333333,77486.0,10269.31465697392,v104-v105,75230.59333333334,77520.5,8426.649915830658,v105-v106,77072.68,78005.0,10722.430389411991,v106-v107
BenchmarkMarshalInt64NearestDelta2/precisionBits_64-2,26414.083333333332,27233.5,2115.9717776802695,v104-v105,26969.94,27230.0,2155.5882706060966,v105-v106,27117.11,27420.5,1780.911800371468,v106-v107
BenchmarkMarshalStringsBlock-2,12559.492753623188,12710.5,3524.128662900176,v104-v105,13180.74,12824.5,3453.6097686111193,v105-v106,12831.403333333334,13127.5,1419.8233911991351,v106-v107
BenchmarkMarshalUint64-2,1.0585050724637681,1.081,0.20850592485934114,v104-v105,1.1327456666666667,1.0835,0.3023589592111885,v105-v106,1.0946156666666667,1.088,0.167104182314644,v106-v107
BenchmarkMarshalUint8String-2,724.4202898550725,737.1,52.62638420124917,v104-v105,725.322,737.5,36.32282581127726,v105-v106,735.9206666666668,742.3,59.27093936943026,v106-v107
BenchmarkMarshalUnmarshalMetricIDs/numMetricIDs-0-2,34.63460317460318,34.57,0.36569856613041674,v104-v105,34.0620625,34.37,0.8574197777719288,v105-v106,34.00678260869565,33.88,0.5657700044545528,v106-v107
BenchmarkMarshalUnmarshalMetricIDs/numMetricIDs-1-2,1132.5555555555557,1134.5,23.06774563950471,v104-v105,1130.8,1130.0,21.60532196258403,v105-v106,1154.8869565217392,1152.0,25.615841184769994,v106-v107
BenchmarkMarshalUnmarshalMetricIDs/numMetricIDs-10-2,2730.714285714286,2607.5,208.04841194848322,v104-v105,2754.21875,2631.0,212.27185820214413,v105-v106,2828.304347826087,2666.0,304.4921908344714,v106-v107
BenchmarkMarshalUnmarshalMetricIDs/numMetricIDs-100-2,12949.380952380952,13679.0,2443.3415769626413,v104-v105,12627.33125,13663.0,2473.2561424541345,v105-v106,12712.217391304348,13564.0,2487.654598149609,v106-v107
BenchmarkMarshalUnmarshalMetricIDs/numMetricIDs-1000-2,79622.85714285714,76182.5,11680.987705987396,v104-v105,76849.65,75814.0,7284.614610785727,v105-v106,76499.75652173912,76573.0,1089.8865270993624,v106-v107
BenchmarkMarshalUnmarshalMetricIDs/numMetricIDs-10000-2,608310.4523809524,605669.0,11763.935197106195,v104-v105,606098.5,605749.0,12945.482566050798,v105-v106,624042.5130434782,618276.0,56122.98496337653,v106-v107
BenchmarkMarshalUnmarshalMetricIDs/numMetricIDs-100000-2,5961329.023809524,5896693.5,489990.97593225865,v104-v105,5874321.35,5888926.5,155421.66795823825,v105-v106,5969386.826086956,5956146.0,112076.68565757573,v106-v107
BenchmarkMarshalUnmarshalMetricIDs/numMetricIDs-1000000-2,56563082.365079366,56365117.0,1124039.699091619,v104-v105,57203030.5375,56285540.0,6844567.8229121035,v105-v106,57040479.426086955,56879772.0,947773.567111661,v106-v107
BenchmarkMarshalUnmarshalMetricIDs/numMetricIDs-10000000-2,565541290.3968254,564612900.0,8253244.914969181,v104-v105,588213355.125,561760700.0,135905830.80546498,v105-v106,565238764.8695652,563839300.0,7572758.785269921,v106-v107
BenchmarkMarshalVarInt64/big-ints-2,64.6097463768116,65.24,4.082420352614536,v104-v105,65.04063333333333,65.31,4.115288072373258,v105-v106,65.04666666666667,65.76,2.339548356112961,v106-v107
BenchmarkMarshalVarInt64/small-ints-2,24.543369565217393,26.145,3.38220421205104,v104-v105,25.342366666666667,26.15,2.7517412059343522,v105-v106,25.437766666666665,26.31,2.7115606606300506,v106-v107
BenchmarkMarshalVarInt64s/up-to-(1<<13)-1-2,15451.083333333334,15108.5,1027.910581684707,v104-v105,15112.576666666666,15089.0,170.17808139371297,v105-v106,15243.55,15203.5,367.9862321566613,v106-v107
BenchmarkMarshalVarInt64s/up-to-(1<<27)-1-2,27672.670289855072,27076.5,4619.873901858985,v104-v105,27076.75,27065.0,1523.949211148631,v105-v106,27209.1,27261.0,1234.5696053151046,v106-v107
BenchmarkMarshalVarInt64s/up-to-(1<<6)-1-2,8646.815217391304,9027.0,973.4978723907966,v104-v105,8788.203333333333,9026.0,745.2441735765009,v105-v106,8914.483333333334,9089.0,970.0030529839667,v106-v107
BenchmarkMarshalVarInt64s/up-to-(1<<63)-1-2,42240.184782608696,42140.0,8519.663758959696,v104-v105,41693.13333333333,42127.5,2775.0212682102074,v105-v106,42578.68666666667,42426.5,6703.2428114398,v106-v107
BenchmarkMarshalVarUint64/big-ints-2,60.20916666666667,60.4,1.0459165764287692,v104-v105,60.161100000000005,60.39,1.2018549445304556,v105-v106,60.656333333333336,60.885000000000005,0.8612601925588559,v106-v107
BenchmarkMarshalVarUint64/small-ints-2,21.188731884057972,22.17,2.0098031166889037,v104-v105,21.7071,22.18,1.7025082587868543,v105-v106,21.8282,22.33,1.5732266950804383,v106-v107
BenchmarkMarshalVarUint64s/up-to-(1<<14)-1-2,15375.967391304348,15042.0,2048.2670925856246,v104-v105,15047.666666666666,15020.5,696.2526034769147,v105-v106,15227.896666666667,15132.0,806.1780839236978,v106-v107
BenchmarkMarshalVarUint64s/up-to-(1<<28)-1-2,25215.271739130436,24089.0,6258.668998384866,v104-v105,24001.693333333333,24063.0,1066.5594386042508,v105-v106,24455.266666666666,24281.0,1781.7175365798244,v106-v107
BenchmarkMarshalVarUint64s/up-to-(1<<64)-1-2,39738.3768115942,39309.0,8725.959297054991,v104-v105,38681.96333333333,39295.5,2190.947676476782,v105-v106,39313.433333333334,39611.0,3400.6419705100084,v106-v107
BenchmarkMarshalVarUint64s/up-to-(1<<7)-1-2,5849.097826086957,6009.0,448.4890445958847,v104-v105,5932.346666666666,6006.0,415.02405114924306,v105-v106,5977.413333333333,6047.0,381.0181429271936,v106-v107
BenchmarkMarshalZeroConstArray-2,1373.891304347826,1384.0,54.67160603026813,v104-v105,1387.3,1392.0,120.07908486524025,v105-v106,1394.97,1400.0,74.6067220603387,v106-v107
BenchmarkMatchRegexOrValuesMatchOptimized-2,8.04943115942029,7.888,1.5628217180844621,v104-v105,7.8229033333333335,7.891,0.30360302476156265,v105-v106,7.9609700000000005,7.945,0.5884990736034397,v106-v107
BenchmarkMatchRegexOrValuesMatchUnoptimized-2,119.9468115942029,129.6,22.506940601770996,v104-v105,124.4017,129.7,16.649146053909632,v105-v106,126.44746666666666,131.0,18.139677613691234,v106-v107
BenchmarkMatchRegexOrValuesMismatchOptimized-2,6.569057971014493,6.386,0.9326075294033758,v104-v105,6.417776666666667,6.384,0.318633967859363,v105-v106,6.52593,6.4265,0.8846506737021145,v106-v107
BenchmarkMatchRegexOrValuesMismatchUnoptimized-2,72.18333333333332,78.375,12.372495468627669,v104-v105,76.48676666666667,78.39,13.080418688090264,v105-v106,76.92106666666666,79.38499999999999,11.257741247197485,v106-v107
BenchmarkMatchRegexPrefixDotPlusMatchOptimized-2,7.846905797101449,7.918,1.1537562458032051,v104-v105,7.7977533333333335,7.912,0.3982878647824952,v105-v106,7.884823333333333,7.975,0.5002358093995011,v106-v107
BenchmarkMatchRegexPrefixDotPlusMatchUnoptimized-2,140.34750000000003,152.2,29.823267242205397,v104-v105,146.23106666666666,152.3,21.90811480959944,v105-v106,147.8626,153.6,21.57845500279602,v106-v107
BenchmarkMatchRegexPrefixDotPlusMismatchOptimized-2,6.32584420289855,6.389,0.22327387422563752,v104-v105,6.376193333333333,6.389,0.4457897234654252,v105-v106,6.400763333333334,6.437,0.3204000958076228,v106-v107
BenchmarkMatchRegexPrefixDotPlusMismatchUnoptimized-2,53.04148550724638,57.45,10.002486761881135,v104-v105,55.77626666666667,57.45,9.74663996964502,v105-v106,55.48336666666666,57.685,7.245522178399645,v106-v107
BenchmarkMatchRegexPrefixDotStarMatchOptimized-2,7.759420289855072,7.884,0.38591036757906205,v104-v105,7.878923333333334,7.886,0.759199528364217,v105-v106,7.881966666666667,7.941,0.3899204432476329,v106-v107
BenchmarkMatchRegexPrefixDotStarMatchUnoptimized-2,146.54503623188407,160.4,29.4575193857582,v104-v105,154.36643333333333,160.5,22.927437527647303,v105-v106,154.76930000000002,161.8,21.784831729630007,v106-v107
BenchmarkMatchRegexPrefixDotStarMismatchOptimized-2,6.322286231884058,6.386,0.37347489820812235,v104-v105,6.539086666666666,6.389,1.3134345460832975,v105-v106,6.548733333333333,6.438,1.0948784674186198,v106-v107
BenchmarkMatchRegexPrefixDotStarMismatchUnoptimized-2,50.29554347826087,54.34,7.931464342266705,v104-v105,52.99686666666666,54.37,7.283645779072838,v105-v106,53.6419,54.94,6.529685497709415,v106-v107
BenchmarkMatchRegexSingleValueMatchOptimized-2,6.006163043478261,6.014,0.20221478826457132,v104-v105,6.005636666666667,6.014,0.28824876262133575,v105-v106,5.90187,6.028499999999999,0.3367935858924986,v106-v107
BenchmarkMatchRegexSingleValueMatchUnoptimized-2,84.32532608695652,91.75,18.131756177356298,v104-v105,87.8887,91.82,12.628951422165303,v105-v106,88.05919999999999,92.195,12.815603914981356,v106-v107
BenchmarkMatchRegexSingleValueMismatchOptimized-2,5.801065217391304,5.646,1.2227097727827718,v104-v105,5.783436666666667,5.641,1.186218250766017,v105-v106,5.81541,5.7165,0.2947555563967471,v106-v107
BenchmarkMatchRegexSingleValueMismatchUnoptimized-2,53.89905797101449,55.89,15.540459611206359,v104-v105,53.71396666666667,55.89,6.5210563960622485,v105-v106,53.796299999999995,56.045,6.53945074376284,v106-v107
BenchmarkMergeBlockStreamsFourSourcesBestCase-2,11469.27536231884,12186.0,1623.918330987754,v104-v105,12366.986666666666,12265.0,3375.6816568881413,v105-v106,12174.156666666666,12515.5,1290.7485806501552,v106-v107
BenchmarkMergeBlockStreamsFourSourcesWorstCase-2,2978321.6739130435,3163836.0,461479.00544511556,v104-v105,3078617.5366666666,3173124.0,324320.3252402917,v105-v106,3143046.433333333,3238135.5,324125.6236710177,v106-v107
BenchmarkMergeBlockStreamsTwoSourcesBestCase-2,7645.550724637681,7830.0,2054.4334377499126,v104-v105,7702.153333333334,7884.5,875.110131524338,v105-v106,7838.696666666667,8029.5,908.5429685718553,v106-v107
BenchmarkMergeBlockStreamsTwoSourcesWorstCase-2,1833064.7644927537,1940084.5,292619.3751469941,v104-v105,1891681.3633333333,1948338.5,235702.6124624491,v105-v106,1932255.0533333332,1984489.0,231265.9888315139,v106-v107
BenchmarkMergeSortBlocks/overlapped-blocks-bestcase-2,142045.64855072464,154921.5,30432.20202631712,v104-v105,149879.96,155078.0,23363.630848389108,v105-v106,150455.01,156347.5,22093.82479677071,v106-v107
BenchmarkMergeSortBlocks/overlapped-blocks-worstcase-2,4282973.594202898,4507166.0,599829.1815939366,v104-v105,4480539.666666667,4515312.5,591337.3263535334,v105-v106,4422117.65,4527976.5,438907.5968441331,v106-v107
BenchmarkMergeSortBlocks/replicationFactor-1-2,141517.88043478262,154261.5,30486.209097530937,v104-v105,149526.99333333335,153343.0,28716.794748638044,v105-v106,149755.24,155147.5,22601.995609995316,v106-v107
BenchmarkMergeSortBlocks/replicationFactor-2-2,238020.86956521738,250382.0,31888.00765276698,v104-v105,251721.53666666665,250424.5,60372.56152164051,v105-v106,249665.74666666667,255422.0,23165.06820131829,v106-v107
BenchmarkMergeSortBlocks/replicationFactor-3-2,370592.64492753625,385810.0,49339.77306846885,v104-v105,397194.1433333333,385673.5,117654.62050025768,v105-v106,386548.94333333336,392273.5,41793.08704073883,v106-v107
BenchmarkMergeSortBlocks/replicationFactor-4-2,499029.45652173914,522621.0,53914.72916511021,v104-v105,522985.07666666666,522505.5,101889.7297380413,v105-v106,520583.2766666667,532064.0,42507.68326237701,v106-v107
BenchmarkMergeSortBlocks/replicationFactor-5-2,631944.7210144928,661857.5,68825.96151457328,v104-v105,650327.09,662670.5,55372.205808167986,v105-v106,661675.69,674168.0,61824.27032039603,v106-v107
BenchmarkParseProtobufRequest/scopes_1/rows_100/attributes_10-2,52683.8768115942,55074.0,11826.399573498356,v104-v105,54050.846666666665,55350.5,7700.28635243655,v105-v106,54852.95,56572.5,6553.32329495455,v106-v107
BenchmarkParseProtobufRequest/scopes_1/rows_100/attributes_5-2,49071.710144927536,52191.5,7969.479896526065,v104-v105,51042.45333333333,52401.5,7044.092412858582,v105-v106,51959.24333333333,53796.5,6343.717526628033,v106-v107
BenchmarkParseProtobufRequest/scopes_1/rows_1000/attributes_10-2,559400.981884058,592116.0,88352.81498123721,v104-v105,580716.61,596087.0,70878.18464459245,v105-v106,595955.6266666667,614152.0,68650.42428883757,v106-v107
BenchmarkParseProtobufRequest/scopes_1/rows_1000/attributes_5-2,559866.6557971014,588165.5,106388.56091117213,v104-v105,576095.49,592972.0,70331.65256900233,v105-v106,599340.2533333333,611332.5,91140.69730014692,v106-v107
BenchmarkParseProtobufRequest/scopes_2/rows_100/attributes_10-2,99676.07608695653,105668.0,15799.346708864814,v104-v105,104918.99,106193.0,16773.788280952333,v105-v106,105518.9,108840.5,14973.636749802978,v106-v107
BenchmarkParseProtobufRequest/scopes_2/rows_100/attributes_5-2,96994.77898550725,103164.0,15491.751229784208,v104-v105,101581.23666666666,104207.5,12828.202370852558,v105-v106,103920.1,106580.0,15589.94667838165,v106-v107
BenchmarkParseProtobufRequest/scopes_2/rows_1000/attributes_10-2,1223230.1304347827,1289724.5,186617.32752382813,v104-v105,1275126.0733333332,1301768.0,167381.17859069258,v105-v106,1295721.1366666667,1330765.5,148088.77952056655,v106-v107
BenchmarkParseProtobufRequest/scopes_2/rows_1000/attributes_5-2,1212561.8695652173,1279675.5,183003.55387022442,v104-v105,1267731.4866666666,1296917.5,167838.0012680142,v105-v106,1287260.8166666667,1323561.5,147221.7909710566,v106-v107
BenchmarkParseProtobufRequest/streams_10/rows_100/labels_10-2,83392.19354838709,71592.0,19574.96825781906,v104-v105,74589.66666666667,67839.5,15967.808739899885,v105-v106,95892.3,88478.0,33441.31078251317,v106-v107
BenchmarkParseProtobufRequest/streams_10/rows_100/labels_50-2,104079.09677419355,88243.0,23553.990476286366,v104-v105,97343.6,85958.0,28428.734270949804,v105-v106,110470.3,110631.0,24976.338788415007,v106-v107
BenchmarkParseProtobufRequest/streams_10/rows_1000/labels_10-2,817439.3225806452,718908.0,193916.10322188085,v104-v105,723237.9333333333,668922.5,129851.52421792957,v105-v106,869758.65,864806.0,211100.21291626425,v106-v107
BenchmarkParseProtobufRequest/streams_10/rows_1000/labels_50-2,843670.3548387097,752573.0,194715.10766083325,v104-v105,741047.2666666667,690129.0,124120.05984944527,v105-v106,891758.85,885592.0,217925.28365746562,v106-v107
BenchmarkParseProtobufRequest/streams_5/rows_100/labels_10-2,41705.16129032258,34918.0,9987.127441851582,v104-v105,36950.3,33990.0,7039.729051163343,v105-v106,44405.65,44167.0,10673.54819056511,v106-v107
BenchmarkParseProtobufRequest/streams_5/rows_100/labels_50-2,52375.8064516129,44230.0,11865.26573496314,v104-v105,46679.433333333334,43076.0,8558.231128400681,v105-v106,55412.6,55248.5,12783.242782725567,v106-v107
BenchmarkParseProtobufRequest/streams_5/rows_1000/labels_10-2,393476.51612903224,336969.0,91567.0348367326,v104-v105,346998.1,320169.0,63577.09967913249,v105-v106,416645.3,417521.0,97446.55412076163,v106-v107
BenchmarkParseProtobufRequest/streams_5/rows_1000/labels_50-2,405755.0967741936,347573.0,93637.31675578735,v104-v105,358887.8333333333,331947.0,63728.237833671934,v105-v106,430441.2,428689.5,100655.38031772203,v106-v107
BenchmarkParseStream-2,8928.952898550724,9595.0,1582.027932620524,v104-v105,9502.47,9676.0,1443.6467488800154,v105-v106,9515.893333333333,9819.0,1452.2221682794843,v106-v107
BenchmarkPodGetTargetLabels-2,1745.0398550724638,1776.0,647.0811964270276,v104-v105,1733.5966666666666,1786.0,273.4547598314398,v105-v106,1733.5366666666666,1802.0,215.85389736016862,v106-v107
BenchmarkPromInstantUnmarshal/Instant_std+fastjson-2,1549377.9094202898,1582104.5,105334.55165019784,v104-v105,1577727.7766666666,1599853.0,81739.11506391273,v105-v106,1648789.7,1642418.0,150067.96964973112,v106-v107
BenchmarkQueueThroughputConcurrent/block-size-1-2,83596.65040650406,87302.5,11463.13524159429,v104-v105,85390.5559322034,86862.0,10301.901402139889,v105-v106,86853.30384615385,87697.5,6762.644573350563,v106-v107
BenchmarkQueueThroughputConcurrent/block-size-10-2,86388.82926829268,90048.0,11423.010873836787,v104-v105,88637.25423728813,89493.0,12780.045469021048,v105-v106,89907.18461538461,90642.5,7118.184574837977,v106-v107
BenchmarkQueueThroughputConcurrent/block-size-100-2,108361.66666666667,108770.5,13266.457888556519,v104-v105,110071.84406779661,109226.0,14785.27071669904,v105-v106,110743.46153846153,110474.5,6371.412314603794,v106-v107
BenchmarkQueueThroughputConcurrent/block-size-1000-2,819052.4430894309,802525.5,125169.0744257494,v104-v105,800666.3457627118,802250.0,18931.525061086442,v105-v106,798859.4192307693,800778.5,21408.946395145373,v106-v107
BenchmarkQueueThroughputConcurrent/block-size-10000-2,8359963.426829268,8114102.0,1193045.4448000323,v104-v105,8202309.569491525,8121089.0,271174.91461149603,v105-v106,8185288.957692307,8125633.5,137351.33834670635,v106-v107
BenchmarkQueueThroughputConcurrent/block-size-100000-2,84557216.45528455,82563580.0,12073229.221232692,v104-v105,82858277.95932204,82878740.0,2263340.985273285,v105-v106,82711136.33846153,82692910.0,1537711.7000754103,v106-v107
BenchmarkQueueThroughputConcurrent/block-size-1000000-2,844284878.2113822,824454765.0,119299735.20798106,v104-v105,828670617.2881356,823908000.0,31975871.881425787,v105-v106,823536837.8076923,824317055.0,12973009.88337727,v106-v107
BenchmarkQueueThroughputSerial/block-size-1-2,50598.07608695652,53800.0,7113.650612577624,v104-v105,53176.07666666667,54182.5,7749.246637077901,v105-v106,53736.90909090909,55065.0,6654.850831280586,v106-v107
BenchmarkQueueThroughputSerial/block-size-10-2,52826.083333333336,56043.5,7168.993635747902,v104-v105,56204.61666666667,56496.5,9187.895313801753,v105-v106,55786.32363636364,57535.0,6212.968342198008,v106-v107
BenchmarkQueueThroughputSerial/block-size-100-2,87920.84057971014,86067.0,12666.899125025951,v104-v105,87467.0,86322.0,8496.356969460998,v105-v106,86116.23272727273,85989.0,1631.7536166187551,v106-v107
BenchmarkQueueThroughputSerial/block-size-1000-2,821706.6884057971,804593.0,116615.5757237694,v104-v105,807465.2633333333,805206.5,16176.309322534435,v105-v106,803925.509090909,802026.0,13325.564734438301,v106-v107
BenchmarkQueueThroughputSerial/block-size-10000-2,8380465.528985507,8147230.5,1129593.5480329774,v104-v105,8266139.473333334,8207491.5,197616.0497116432,v105-v106,8206054.152727272,8125063.0,247394.5667023386,v106-v107
BenchmarkQueueThroughputSerial/block-size-100000-2,84842059.8115942,83224860.0,11148575.572960299,v104-v105,83430289.7,83492827.0,1203145.4097836004,v105-v106,82681524.69818182,82797700.0,1312803.4293634703,v106-v107
BenchmarkQueueThroughputSerial/block-size-1000000-2,841247100.8333334,823935715.0,114446765.30703294,v104-v105,826251247.4,823873970.0,26882141.10915203,v105-v106,824671642.7272727,822727550.0,21980341.288718723,v106-v107
BenchmarkReadBulkRequest/gzip:off-2,2321.7065217391305,2442.5,604.9082972672528,v104-v105,2379.95,2463.5,337.18381324293097,v105-v106,2399.05,2496.0,307.05282764242844,v106-v107
BenchmarkReadBulkRequest/gzip:on-2,7663.833333333333,7882.5,1721.5144498993084,v104-v105,7676.966666666666,7895.0,755.7513032274499,v105-v106,7751.7266666666665,7978.0,738.1183515932613,v106-v107
BenchmarkRegexpFilterMatch-2,1293.219927536232,1351.0,145.97218290916786,v104-v105,1335.54,1354.0,143.07526073404074,v105-v106,1340.7469999999998,1365.0,124.41996886825383,v106-v107
BenchmarkRegexpFilterMismatch-2,1507.2572463768115,1583.0,172.606191140487,v104-v105,1554.8433333333332,1587.0,151.69604837480327,v105-v106,1571.83,1604.0,154.68860002142566,v106-v107
BenchmarkRequestUnmarshal-2,4521.06884057971,4868.5,712.0306522820472,v104-v105,4709.34,4873.0,574.1614601670323,v105-v106,4814.446666666667,4920.0,732.4869858482217,v106-v107
BenchmarkRequestUnmarshalJSON-2,5707.177536231884,6080.0,959.912159429611,v104-v105,5911.73,6084.0,722.8032319659818,v105-v106,5933.7266666666665,6150.0,673.5984820392438,v106-v107
BenchmarkRollupAvg-2,690.7057971014492,745.1,110.1388444518124,v104-v105,718.344,744.7,82.32048390833835,v105-v106,731.6376666666666,753.2,95.8699635666447,v106-v107
BenchmarkRowsDiff-2,31938.213768115944,34329.5,5003.698557299259,v104-v105,33156.30333333334,34343.0,3689.494416332595,v105-v106,33590.35,34635.5,3985.839000254925,v106-v107
BenchmarkRowsUnmarshal-2,1617.9501811594203,945.75,1601.715227332824,v104-v105,1662.8009166666668,955.05,1510.9162092266647,v105-v106,1684.4769583333334,956.6,1541.1384593224413,v106-v107
BenchmarkSanitizeLabelName-2,39.10518115942029,40.985,3.9181868213577906,v104-v105,40.4105,41.23,2.6064076079403016,v105-v106,40.69906666666667,41.56,2.787209881818482,v106-v107
BenchmarkSanitizeLabelName/#00-2,29.7518115942029,30.1,6.094137359851501,v104-v105,29.869933333333332,30.14,3.077979182577995,v105-v106,30.78926666666667,30.35,6.5441923086145115,v106-v107
BenchmarkSanitizeLabelName/foo-2,32.86764492753623,33.08,7.158472150143079,v104-v105,32.95323333333333,33.15,3.3878520753574692,v105-v106,33.29483333333334,33.525000000000006,4.074741386080058,v106-v107
BenchmarkSanitizeLabelName/foo-bar-baz-2,33.48873188405797,33.745000000000005,7.663181977638132,v104-v105,33.580999999999996,33.894999999999996,3.154091625164538,v105-v106,34.609433333333335,34.125,6.889006123050963,v106-v107
BenchmarkSanitizeLabelName/http_requests_total-2,35.107210144927535,35.77,6.057088695168093,v104-v105,35.1714,35.83,2.338449885334459,v105-v106,36.742666666666665,36.36,7.025880315156142,v106-v107
BenchmarkSanitizeMetricName/#00-2,29.30967391304348,30.105,2.760807570030038,v104-v105,29.712466666666668,30.13,2.706846500168378,v105-v106,30.5394,30.345,5.887758768642427,v106-v107
BenchmarkSanitizeMetricName/foo-2,32.5793115942029,33.325,3.3775274276272214,v104-v105,32.93793333333333,33.31,2.890522350791225,v105-v106,33.8842,33.53,6.732433827684245,v106-v107
BenchmarkSanitizeMetricName/foo-bar-baz-2,33.020760869565216,33.78,3.1687496474261256,v104-v105,33.64093333333334,33.93,3.3444081712027254,v105-v106,33.97286666666667,34.114999999999995,4.4531354309193505,v106-v107
BenchmarkSanitizeMetricName/http_requests_total-2,34.52967391304348,35.59,2.675015765902346,v104-v105,35.344366666666666,35.73,2.692391844631655,v105-v106,37.155499999999996,35.92,10.260971259451564,v106-v107
BenchmarkScrapeWorkScrapeInternal-2,6646.210144927536,7227.5,1151.8797440572657,v104-v105,6940.633333333333,7216.0,869.8918467097683,v105-v106,7141.1033333333335,7257.0,1410.447484432996,v106-v107
BenchmarkSetAddRandomLastBits/lastBits_20-2,2072216.9456521738,2230639.0,324833.0176116952,v104-v105,2209785.3733333335,2231326.5,451388.2995915391,v105-v106,2180600.27,2252842.5,236581.70654379475,v106-v107
BenchmarkSetAddRandomLastBits/lastBits_24-2,3109698.90942029,3341779.0,487544.61340475036,v104-v105,3265785.316666667,3345341.0,527881.4832710824,v105-v106,3273502.796666667,3373612.0,359480.9156402329,v106-v107
BenchmarkSetAddRandomLastBits/lastBits_28-2,4560188.789855072,4857003.5,680447.0155798665,v104-v105,4730220.273333333,4873798.0,521476.1482087632,v105-v106,4801612.27,4934369.5,523805.36303948506,v106-v107
BenchmarkSetAddRandomLastBits/lastBits_32-2,6910831.84057971,7226758.5,1190449.3616157328,v104-v105,7525558.19,7247694.0,1935598.6854139715,v105-v106,7276749.423333333,7397602.0,991755.5471398891,v106-v107
BenchmarkSetAddWithAllocs/items_1000-2,9760.916666666666,10180.5,1539.9427369322227,v104-v105,9982.313333333334,10200.5,839.8447550176508,v105-v106,10216.97,10362.0,1371.2440055813595,v106-v107
BenchmarkSetAddWithAllocs/items_10000-2,70814.60869565218,75030.0,11339.21687335018,v104-v105,73532.96333333333,75056.5,9641.076144952121,v105-v106,74257.64666666667,75728.0,9853.439250605523,v106-v107
BenchmarkSetAddWithAllocs/items_100000-2,681307.0072463768,722219.0,111138.38148434559,v104-v105,700146.96,722132.5,73701.043479122,v105-v106,705104.31,727578.0,71592.28808999209,v106-v107
BenchmarkSetAddWithAllocs/items_1000000-2,6727475.376811594,7192550.5,1059787.9392290583,v104-v105,6967713.43,7193095.0,718148.6401441431,v105-v106,7084358.58,7247036.0,872830.4450288162,v106-v107
BenchmarkSetAddWithAllocs/items_10000000-2,67209589.23188406,72052575.0,9630962.80670036,v104-v105,69990953.76666667,72058060.0,7602674.2862772085,v105-v106,70463519.15333334,72605702.0,6894864.872801723,v106-v107
BenchmarkSetHasHit/items_1000-2,8658.66304347826,9217.0,1256.0733268448416,v104-v105,8954.15,9220.0,1028.6380062943974,v105-v106,8971.323333333334,9274.0,993.6651179737638,v106-v107
BenchmarkSetHasHit/items_10000-2,88423.35869565218,91886.5,14403.35495683863,v104-v105,91076.70333333334,91911.5,10123.78501015117,v105-v106,92497.82333333333,92530.0,12554.596576664597,v106-v107
BenchmarkSetHasHit/items_100000-2,964086.2427536232,1022496.0,121366.35019472298,v104-v105,997297.4666666667,1023950.5,103825.07606869884,v105-v106,996948.4733333334,1025165.5,91046.82253857373,v106-v107
BenchmarkSetHasHit/items_1000000-2,12099775.007246377,12863181.0,1570565.1794427086,v104-v105,12496461.876666667,12866236.5,1168235.704098574,v105-v106,12516622.993333334,12866307.5,1163168.7622907648,v106-v107
BenchmarkSetHasHit/items_10000000-2,151214109.5942029,160557985.0,19634672.622044448,v104-v105,158650735.05333334,160952185.0,25767314.65312333,v105-v106,156634951.42666668,161080460.0,14688599.10418427,v106-v107
BenchmarkSetHasMiss/items_1000-2,9017.485507246376,9646.5,1307.6605188337207,v104-v105,9533.316666666668,9646.5,1836.0688783764879,v105-v106,9422.243333333334,9706.0,1024.1345007897717,v106-v107
BenchmarkSetHasMiss/items_10000-2,91982.37318840579,96378.0,15100.99913883624,v104-v105,97551.74333333333,96456.5,20406.86627603928,v105-v106,96772.65333333334,97093.0,13708.79944051104,v106-v107
BenchmarkSetHasMiss/items_100000-2,726970.6123188406,743389.5,115133.83771561485,v104-v105,753579.2766666666,750608.5,171148.1524225692,v105-v106,754518.94,768896.5,104506.33801539365,v106-v107
BenchmarkSetHasMiss/items_1000000-2,5949209.956521739,6173111.5,752116.8066391948,v104-v105,6162040.003333333,6202393.5,966467.9313217464,v105-v106,6100403.38,6231346.0,502196.3520680241,v106-v107
BenchmarkSetHasMiss/items_10000000-2,57409289.11594203,60266895.0,6208709.12932342,v104-v105,59816192.24666667,60299233.0,9722077.091802593,v105-v106,59255291.20666666,60689255.0,4784572.94515627,v106-v107
BenchmarkStreamIDMarshalString-2,35.2536231884058,37.56,5.096977563155914,v104-v105,36.409933333333335,37.57,3.6447902062690205,v105-v106,37.78703333333333,37.78,7.681691489902621,v106-v107
BenchmarkStringsBlockUnmarshaler_Unmarshal-2,5016.039855072464,5285.5,644.6835687842081,v104-v105,5200.166666666667,5307.5,513.776338473731,v105-v106,5309.856666666667,5450.0,547.4989007080075,v106-v107
BenchmarkStringsToLower/ascii-all-lowercase-2,75.75855072463769,77.58,17.985140656592527,v104-v105,75.943,77.83,6.063847222994059,v105-v106,77.26816666666667,78.295,7.69014077826412,v106-v107
BenchmarkStringsToLower/ascii-all-uppercase-2,336.77137681159417,353.0,81.86868518608014,v104-v105,344.793,353.2,46.402296942484035,v105-v106,346.68399999999997,356.2,42.70131087568244,v106-v107
BenchmarkStringsToLower/ascii-some-uppercase-2,298.2666666666667,315.7,84.22100997501828,v104-v105,303.642,315.9,38.5128919387385,v105-v106,307.13366666666667,318.8,40.26935189731337,v106-v107
BenchmarkStringsToLower/unicode-all-lowercase-2,943.5003623188406,1019.0,150.6358275621137,v104-v105,988.6023333333334,1019.0,129.36922592568496,v105-v106,990.2230000000001,1027.0,118.94013714925515,v106-v107
BenchmarkStringsToLower/unicode-all-uppercase-2,1163.0322463768116,1267.0,204.26885886459712,v104-v105,1218.4006666666667,1267.0,154.0377272106945,v105-v106,1237.5786666666665,1279.0,166.20544086601694,v106-v107
BenchmarkStringsToLower/unicode-some-uppercase-2,1300.7315217391306,1414.0,223.9500253973954,v104-v105,1368.204,1415.0,190.84486542616685,v105-v106,1380.2686666666666,1428.0,187.005290872397,v106-v107
BenchmarkTimeNowUnix-2,37.83949275362319,38.65,3.465543393826249,v104-v105,38.24563333333334,38.69,2.2653122073741776,v105-v106,38.9804,39.065,3.4090491185925433,v106-v107
BenchmarkToUnsafeBytes-2,1131.5065217391304,1223.0,212.3527676319492,v104-v105,1173.8416666666667,1223.0,169.87583532878105,v105-v106,1177.864,1230.0,165.4974040273722,v106-v107
BenchmarkToUnsafeString-2,1139.301811594203,1223.0,170.9308020446147,v104-v105,1178.1196666666667,1224.0,146.95209505376644,v105-v106,1184.489,1230.0,141.46128124911831,v106-v107
BenchmarkTokenizeStrings-2,27449.307971014492,29081.0,3639.5370508910855,v104-v105,27863.456666666665,28721.5,2768.2509434192107,v105-v106,28464.373333333333,29167.0,3155.709742761115,v106-v107
BenchmarkTryParseFloat64-2,157.21992753623186,165.9,17.88248105610633,v104-v105,161.38866666666667,165.64999999999998,13.08540015486466,v105-v106,164.10899999999998,167.2,13.627159790157622,v106-v107
BenchmarkTryParseIPv4-2,228.75471014492754,241.9,31.55571718127748,v104-v105,237.71933333333334,244.45,21.825892685691294,v105-v106,240.05866666666668,245.45,23.204430111760857,v106-v107
BenchmarkTryParseTimestampISO8601-2,414.8532608695652,449.75,73.9191260048986,v104-v105,428.238,439.35,50.1446778670942,v105-v106,433.7423333333333,441.0,52.23726204900874,v106-v107
BenchmarkTryParseTimestampRFC3339Nano-2,629.8648550724638,662.3,115.86880369380489,v104-v105,657.5663333333333,672.1,93.31448338416217,v105-v106,649.4153333333334,671.4,83.92029084558499,v106-v107
BenchmarkTryParseUint64-2,61.76644927536232,63.295,9.20022330169511,v104-v105,64.03580000000001,63.795,6.070215158203994,v105-v106,62.60656666666667,63.66,4.759438137375101,v106-v107
BenchmarkUnionFullOverlap/items_1000-2,7839.938405797101,7777.5,1603.3298077925183,v104-v105,7686.553333333333,7781.0,661.9814437948022,v105-v106,7898.316666666667,8038.0,647.6058736718418,v106-v107
BenchmarkUnionFullOverlap/items_10000-2,9066.699275362318,8130.0,3534.6224229572545,v104-v105,9180.943333333333,8278.5,2945.2439707001136,v105-v106,9733.49,8602.0,3187.5576128152925,v106-v107
BenchmarkUnionFullOverlap/items_100000-2,23573.416666666668,24092.0,9973.891202549936,v104-v105,21729.84,19793.5,4233.8162289596385,v105-v106,21985.523333333334,19643.0,4925.94297742524,v106-v107
BenchmarkUnionFullOverlap/items_1000000-2,160326.91666666666,155326.5,52713.06528839396,v104-v105,154982.75333333333,156254.0,11831.710767174925,v105-v106,159710.09333333332,161482.5,12157.584334100155,v106-v107
BenchmarkUnionFullOverlap/items_10000000-2,1714498.9673913044,1673304.0,449664.464946179,v104-v105,1682905.8266666667,1712825.0,177630.97150642876,v105-v106,1731593.7666666666,1775080.0,151716.3273753347,v106-v107
BenchmarkUnionNoOverlap/items_1000-2,7665.70652173913,7760.0,1695.9302743260082,v104-v105,8075.546666666667,7813.0,1766.730059980401,v105-v106,8514.023333333333,8100.5,2250.140421360786,v106-v107
BenchmarkUnionNoOverlap/items_10000-2,11464.380434782608,8709.5,7778.879840616067,v104-v105,10550.103333333333,8676.5,3447.9531516212346,v105-v106,10943.6,8898.0,3550.2653553847904,v106-v107
BenchmarkUnionNoOverlap/items_100000-2,33622.29710144927,32561.0,13065.313893684326,v104-v105,32606.516666666666,32759.0,3585.9907289454172,v105-v106,38851.32666666667,33767.0,41258.463979971166,v106-v107
BenchmarkUnionNoOverlap/items_1000000-2,283207.28623188403,280883.0,61075.493380878856,v104-v105,281901.0966666667,284589.5,26813.928066994024,v105-v106,289515.62666666665,293376.0,34731.11409406084,v106-v107
BenchmarkUnionNoOverlap/items_10000000-2,2874985.757246377,2893139.5,394260.4471091233,v104-v105,2854847.7933333335,2884334.5,386757.2107742751,v105-v106,2930150.3866666667,3001136.0,283290.2241040456,v106-v107
BenchmarkUnionPartialOverlap/items_1000-2,8022.134057971014,7781.0,2192.9667941272896,v104-v105,8019.413333333333,7860.5,2075.729060578956,v105-v106,8457.416666666666,8081.0,3270.498796460215,v106-v107
BenchmarkUnionPartialOverlap/items_10000-2,9886.753623188406,8474.0,3468.924623121107,v104-v105,10077.886666666667,8504.0,3232.0062088847812,v105-v106,12650.626666666667,8819.5,9575.273662564374,v106-v107
BenchmarkUnionPartialOverlap/items_100000-2,27777.514492753624,26240.5,6758.8925243824415,v104-v105,28576.016666666666,26478.5,6887.295044244665,v105-v106,29385.176666666666,26585.5,11063.703598245105,v106-v107
BenchmarkUnionPartialOverlap/items_1000000-2,233638.01086956522,221199.0,89597.9892342754,v104-v105,232019.54333333333,223234.5,82312.32078552057,v105-v106,227185.14666666667,229965.5,21158.518694439947,v106-v107
BenchmarkUnionPartialOverlap/items_10000000-2,2477222.4492753623,2312287.5,949840.113994584,v104-v105,2361847.433333333,2314585.5,611698.8330314459,v105-v106,2350333.506666667,2379638.5,314853.423666386,v106-v107
BenchmarkUnixTimestamp-2,1.2186666666666666,1.325,0.3518088678056122,v104-v105,1.2593546666666666,1.325,0.19917239069611925,v105-v106,1.2650196666666667,1.332,0.1999564425308359,v106-v107
BenchmarkUnmarshalConstArray-2,5605.753623188406,6156.0,1136.6615923138124,v104-v105,5897.7,6154.0,922.4423430514122,v105-v106,6066.49,6191.0,1349.1460980485401,v106-v107
BenchmarkUnmarshalDeltaConstArray-2,5196.623188405797,5413.0,1358.3638163234118,v104-v105,5198.016666666666,5414.0,649.0451152225114,v105-v106,5220.82,5441.0,684.0756776183681,v106-v107
BenchmarkUnmarshalGaugeArray-2,55412.989130434784,60965.5,11059.197332531934,v104-v105,58931.8,61209.5,9427.613300396122,v105-v106,58900.65666666667,61027.5,9475.97874925382,v106-v107
BenchmarkUnmarshalInt64-2,1.6391195652173913,1.689,0.2521573178095396,v104-v105,1.70448,1.689,0.2260076276571155,v105-v106,1.6970566666666667,1.701,0.19684134518133675,v106-v107
BenchmarkUnmarshalInt64Array-2,45241.93115942029,49814.0,9222.292315647102,v104-v105,48432.91333333333,50078.5,7807.924392792711,v105-v106,47651.72666666667,49658.0,6958.312711517046,v106-v107
BenchmarkUnmarshalInt64NearestDelta-2,18790.0615942029,19391.5,1341.524413701067,v104-v105,19438.18666666667,19393.5,2723.664405011377,v105-v106,19338.316666666666,19546.5,1238.0907311599442,v106-v107
BenchmarkUnmarshalInt64NearestDelta2-2,27258.08695652174,30127.0,5924.019201955572,v104-v105,28901.52,30209.5,4617.092895493734,v105-v106,28594.99,29934.5,4294.5029314221365,v106-v107
BenchmarkUnmarshalUint64-2,1.5177681159420289,1.501,0.10258111042523271,v104-v105,1.5230633333333332,1.5015,0.16613754825049198,v105-v106,1.5093299999999998,1.511,0.01984238310345002,v106-v107
BenchmarkUnmarshalVarInt64/up-to-(1<<13)-1-2,57956.82971014493,63049.5,10469.0121254884,v104-v105,60571.06,63058.0,7622.6844872639585,v105-v106,62842.76666666667,63435.5,13047.211984973072,v106-v107
BenchmarkUnmarshalVarInt64/up-to-(1<<27)-1-2,82431.81884057971,89997.0,14910.396881363988,v104-v105,86489.41333333333,89990.0,10984.493121956515,v105-v106,90532.61,90561.5,20526.646076789377,v106-v107
BenchmarkUnmarshalVarInt64/up-to-(1<<6)-1-2,43999.235507246376,47958.5,7759.190225249497,v104-v105,46089.4,47968.0,5777.980508434829,v105-v106,47131.51,48240.0,8627.352899358351,v106-v107
BenchmarkUnmarshalVarInt64/up-to-(1<<63)-1-2,162670.35507246378,177595.5,29210.544533295637,v104-v105,170402.07333333333,177582.0,21744.992051943478,v105-v106,174131.58,178621.0,29568.07950118212,v106-v107
BenchmarkUnmarshalVarInt64s/up-to-(1<<13)-1-2,16382.619565217392,17285.5,1817.7917503031892,v104-v105,16891.053333333333,17292.0,1511.2864806440498,v105-v106,17727.693333333333,17404.0,3917.439223035392,v106-v107
BenchmarkUnmarshalVarInt64s/up-to-(1<<27)-1-2,36924.35507246377,37651.5,1937.076405498202,v104-v105,37210.64333333333,37651.0,1569.9364757579528,v105-v106,38882.763333333336,37949.5,7651.330473018841,v106-v107
BenchmarkUnmarshalVarInt64s/up-to-(1<<6)-1-2,7892.123188405797,8276.0,774.8793309262475,v104-v105,8125.796666666667,8276.5,706.369465218829,v105-v106,8227.883333333333,8327.0,824.9329818054653,v106-v107
BenchmarkUnmarshalVarInt64s/up-to-(1<<63)-1-2,81304.2463768116,81243.0,3086.4578151227493,v104-v105,81404.52,81214.0,4445.761411881128,v105-v106,82997.76333333334,81845.5,10983.26326464303,v106-v107
BenchmarkUnmarshalVarUint64/up-to-(1<<14)-1-2,33212.56884057971,36000.5,5454.6025948707775,v104-v105,34906.746666666666,36017.0,3998.1584384336566,v105-v106,35644.056666666664,36238.5,6188.066292598534,v106-v107
BenchmarkUnmarshalVarUint64/up-to-(1<<28)-1-2,82393.59782608696,90127.5,14976.395567614643,v104-v105,86762.58,90143.0,11396.511587828323,v105-v106,89684.91,90726.0,19109.152383205863,v106-v107
BenchmarkUnmarshalVarUint64/up-to-(1<<64)-1-2,159180.58333333334,174791.0,30162.610201318195,v104-v105,167905.05333333334,174837.0,22714.881888043827,v105-v106,174612.63666666666,175833.5,41068.156409895964,v106-v107
BenchmarkUnmarshalVarUint64/up-to-(1<<7)-1-2,27953.0,30014.5,4050.361590143416,v104-v105,29536.696666666667,30034.0,4624.445490177998,v105-v106,30274.66,30213.0,6458.517565319342,v106-v107
BenchmarkUnmarshalVarUint64s/up-to-(1<<14)-1-2,13295.369565217392,13546.0,623.392158215759,v104-v105,13425.996666666666,13545.5,815.0391479541835,v105-v106,13677.306666666667,13639.0,1501.2817152633845,v106-v107
BenchmarkUnmarshalVarUint64s/up-to-(1<<28)-1-2,32805.659420289856,33136.5,1136.8511631783738,v104-v105,32993.53666666667,33136.5,1575.1040764006268,v105-v106,33155.39666666667,33378.0,812.9886846239932,v106-v107
BenchmarkUnmarshalVarUint64s/up-to-(1<<64)-1-2,80187.51086956522,78246.0,13217.85329853905,v104-v105,79718.69333333333,78219.5,10499.887499602231,v105-v106,79573.80666666667,78834.0,5658.760238256173,v106-v107
BenchmarkUnmarshalVarUint64s/up-to-(1<<7)-1-2,3838.31884057971,3997.0,453.9103713771493,v104-v105,3883.34,3998.0,361.3596644484561,v105-v106,4007.8,4022.0,692.2768986090942,v106-v107
BenchmarkUnmarshalZeroConstArray-2,1322.391304347826,1317.0,23.541509886730655,v104-v105,1319.8866666666668,1316.0,23.610987937685586,v105-v106,1331.9966666666667,1321.0,101.25620665838237,v106-v107
BenchmarkWriteRequestMarshalProtobuf-2,251058.10144927536,255272.0,9971.076699983001,v104-v105,257049.38,255263.0,33171.82583558657,v105-v106,256596.82,257870.5,12753.36701142201,v106-v107
BenchmarkWriteRequestUnmarshalProtobuf-2,3609897.2898550723,3848556.0,633636.0303018151,v104-v105,3717564.61,3865636.0,492865.9222158255,v105-v106,3725345.4433333334,3850997.0,474165.14456155145,v106-v107
bench-fast-queue-throughput-concurrent-1,2973.6485507246375,2553.5,715.068700855621,v104-v105,3377.07,3648.0,564.3728502923909,v105-v106,3503.12,3671.0,519.4386978293741,v106-v107
bench-fast-queue-throughput-concurrent-10,2988.659420289855,2583.0,706.7961104628973,v104-v105,3445.5466666666666,3719.0,567.8238584893985,v105-v106,3569.66,3745.0,533.2943031565819,v106-v107
bench-fast-queue-throughput-concurrent-100,3067.5942028985505,2654.0,706.6261620628867,v104-v105,3562.4266666666667,3798.0,655.8335281745019,v105-v106,3647.153333333333,3826.0,540.6948055338856,v106-v107
bench-fast-queue-throughput-concurrent-1000,3553.307971014493,3131.0,807.1115701234498,v104-v105,4112.946666666667,4372.0,788.963956233961,v105-v106,4233.453333333333,4413.0,709.14512656012,v106-v107
bench-fast-queue-throughput-concurrent-10000,8761.166666666666,9346.0,1440.476209558155,v104-v105,9110.713333333333,9306.5,1224.2505035628126,v105-v106,9310.886666666667,9472.0,1483.2794545499025,v106-v107
bench-fast-queue-throughput-concurrent-100000,102872.65942028986,108404.0,24097.35485959066,v104-v105,104019.23666666666,107969.5,14322.420755409048,v105-v106,106764.61666666667,109992.5,15366.973978217475,v106-v107
bench-fast-queue-throughput-concurrent-1000000,2631445.1268115942,2673431.0,606994.6481966748,v104-v105,2643655.24,2693027.5,349084.90453181916,v105-v106,2660956.3133333335,2779925.5,402472.1870666294,v106-v107
bench-fast-queue-throughput-serial-1,1679.4677536231884,1842.0,392.2404318457902,v104-v105,1808.1373333333331,1843.0,396.3014656105111,v105-v106,1787.8233333333333,1874.5,265.0619440233807,v106-v107
bench-fast-queue-throughput-serial-10,1687.4579710144928,1847.0,387.9323070867988,v104-v105,1807.3306666666665,1848.0,362.63641556320647,v105-v106,1792.4586666666667,1880.0,268.8508790054979,v106-v107
bench-fast-queue-throughput-serial-100,1724.9184782608695,1910.0,374.7048513928162,v104-v105,1890.6636666666666,1914.0,425.40017113131336,v105-v106,1859.0403333333334,1946.5,293.92408537995607,v106-v107
bench-fast-queue-throughput-serial-1000,1976.1630434782608,2197.0,439.0219114972549,v104-v105,2192.94,2198.0,558.3519913287101,v105-v106,2141.1366666666668,2231.0,360.4927851558016,v106-v107
bench-fast-queue-throughput-serial-10000,5717.898550724638,6191.0,970.4369646699845,v104-v105,6253.956666666667,6196.0,2333.078270334547,v105-v106,6158.633333333333,6276.0,1098.2050141325049,v106-v107
bench-fast-queue-throughput-serial-100000,72726.02536231885,76788.5,10138.52172599364,v104-v105,74800.81,76803.0,7619.241958838443,v105-v106,77050.12,78464.5,10277.390705393294,v106-v107
bench-fast-queue-throughput-serial-1000000,1661614.0615942029,1787194.5,515113.4854990938,v104-v105,1750000.3233333332,1804039.5,390773.5620801493,v105-v106,1813178.3133333332,1887515.5,399260.2759934131,v106-v107
created,101069.60507246378,15321.5,151459.1883866876,v104-v105,103714.79666666666,15385.5,153116.41934996968,v105-v106,105362.895,16935.5,155791.12645782006,v106-v107
